{
  "task_name": "angled_weld_1",
  "task_data": {
    "description": "Welding with 45 degree angle",
    "welding_object": {
      "x": 0.8,
      "y": -0.2,
      "z": 0.4,
      "yaw": 0.785398
    },
    "priority": 2,
    "difficulty": "medium"
  },
  "welding_object": {
    "x": 0.8,
    "y": -0.2,
    "z": 0.4,
    "yaw": 0.785398
  },
  "sampled_mid_sole_poses": [
    {
      "x": 0.4380360409167872,
      "y": -0.15147232189119614,
      "z": 0.10000000000000003,
      "yaw": 0.6342555563942434,
      "original_sample_id": "unknown",
      "original_success_metrics": {
        "max_position_error": 0.0006428933120332658,
        "max_orientation_error": 0.0013467605458572507,
        "max_collision_cost": 0.0
      },
      "transformation_info": {
        "relative_pose": {
          "x": -0.22163296717486908,
          "y": 0.29026138406458557,
          "z": -0.3,
          "yaw": -0.15114244360575668
        },
        "world_pose": {
          "x": 0.4380360409167872,
          "y": -0.15147232189119614,
          "z": 0.10000000000000003,
          "yaw": 0.6342555563942434
        }
      },
      "actual_optimization_success": false,
      "actual_optimization_metrics": {
        "max_position_error": 0.0004315848636906594,
        "max_orientation_error": 0.0008680688333697617,
        "max_collision_cost": 0.0011734850704669952
      }
    },
    {
      "x": 0.3159102626203912,
      "y": -0.5051864322072943,
      "z": 0.10000000000000003,
      "yaw": 1.8305074859637933,
      "original_sample_id": "unknown",
      "original_success_metrics": {
        "max_position_error": 0.0008275854052044451,
        "max_orientation_error": 0.001771537703461945,
        "max_collision_cost": 0.0
      },
      "transformation_info": {
        "relative_pose": {
          "x": -0.5581025524142236,
          "y": 0.12650364907149875,
          "z": -0.3,
          "yaw": 1.0451094859637933
        },
        "world_pose": {
          "x": 0.3159102626203912,
          "y": -0.5051864322072943,
          "z": 0.10000000000000003,
          "yaw": 1.8305074859637933
        }
      },
      "actual_optimization_success": false,
      "actual_optimization_metrics": {
        "max_position_error": 0.005795504432171583,
        "max_orientation_error": 0.004588237497955561,
        "max_collision_cost": 0.0
      }
    },
    {
      "x": 0.5558684000889744,
      "y": -0.7285228314399128,
      "z": 0.10000000000000003,
      "yaw": 2.285555825391044,
      "original_sample_id": "unknown",
      "original_success_metrics": {
        "max_position_error": 0.0011542189167812467,
        "max_orientation_error": 0.001907512079924345,
        "max_collision_cost": 0.0
      },
      "transformation_info": {
        "relative_pose": {
          "x": -0.5463491550636724,
          "y": -0.20109505759613017,
          "z": -0.3,
          "yaw": 1.5001578253910441
        },
        "world_pose": {
          "x": 0.5558684000889744,
          "y": -0.7285228314399128,
          "z": 0.10000000000000003,
          "yaw": 2.285555825391044
        }
      },
      "actual_optimization_success": false,
      "actual_optimization_metrics": {
        "max_position_error": 0.07573448121547699,
        "max_orientation_error": 0.059498172253370285,
        "max_collision_cost": 0.0
      }
    },
    {
      "x": 0.33400166030509976,
      "y": -0.6785072288903733,
      "z": 0.10000000000000003,
      "yaw": 2.236016250357774,
      "original_sample_id": "unknown",
      "original_success_metrics": {
        "max_position_error": 0.0006853422964923084,
        "max_orientation_error": 0.00176381622441113,
        "max_collision_cost": 0.0
      },
      "transformation_info": {
        "relative_pose": {
          "x": -0.6678662909698236,
          "y": -0.008845229502877923,
          "z": -0.3,
          "yaw": 1.450618250357774
        },
        "world_pose": {
          "x": 0.33400166030509976,
          "y": -0.6785072288903733,
          "z": 0.10000000000000003,
          "yaw": 2.236016250357774
        }
      },
      "actual_optimization_success": false,
      "actual_optimization_metrics": {
        "max_position_error": 0.06397499889135361,
        "max_orientation_error": 0.03799156844615936,
        "max_collision_cost": 0.0
      }
    },
    {
      "x": 0.4323171216356869,
      "y": -0.2012331036841843,
      "z": 0.10000000000000003,
      "yaw": 1.1402074927137054,
      "original_sample_id": "unknown",
      "original_success_metrics": {
        "max_position_error": 0.0005937138921581209,
        "max_orientation_error": 0.0012031540973111987,
        "max_collision_cost": 0.0
      },
      "transformation_info": {
        "relative_pose": {
          "x": -0.2608630349339868,
          "y": 0.2591190780162507,
          "z": -0.3,
          "yaw": 0.3548094927137053
        },
        "world_pose": {
          "x": 0.4323171216356869,
          "y": -0.2012331036841843,
          "z": 0.10000000000000003,
          "yaw": 1.1402074927137054
        }
      },
      "actual_optimization_success": false,
      "actual_optimization_metrics": {
        "max_position_error": 0.0005633496912196279,
        "max_orientation_error": 0.0009465015609748662,
        "max_collision_cost": 0.12314321100711823
      }
    }
  ],
  "valid_poses": [],
  "success": false,
  "statistics": {
    "total_samples": 5,
    "valid_samples": 0,
    "success_rate": 0.0
  },
  "success_criteria": {
    "min_valid_poses": 3,
    "max_position_error": 0.01,
    "max_orientation_error": 0.1,
    "max_collision_cost": 0.001
  }
}