{
  "task_name": "horizontal_weld_1",
  "task_data": {
    "description": "Horizontal welding on flat surface",
    "welding_object": {
      "x": 1.2,
      "y": 0.3,
      "z": 0.3,
      "yaw": 0.0
    },
    "priority": 1,
    "difficulty": "easy"
  },
  "welding_object": {
    "x": 1.2,
    "y": 0.3,
    "z": 0.3,
    "yaw": 0.0
  },
  "sampled_mid_sole_poses": [
    {
      "x": 0.6536508449363275,
      "y": 0.09890494240386982,
      "z": 0.0,
      "yaw": 1.5001578253910441,
      "original_sample_id": "unknown",
      "original_success_metrics": {
        "max_position_error": 0.0011542189167812467,
        "max_orientation_error": 0.001907512079924345,
        "max_collision_cost": 0.0
      },
      "transformation_info": {
        "relative_pose": {
          "x": -0.5463491550636724,
          "y": -0.20109505759613017,
          "z": -0.3,
          "yaw": 1.5001578253910441
        },
        "world_pose": {
          "x": 0.6536508449363275,
          "y": 0.09890494240386982,
          "z": 0.0,
          "yaw": 1.5001578253910441
        }
      },
      "actual_optimization_success": true,
      "actual_optimization_metrics": {
        "max_position_error": 0.001419859123416245,
        "max_orientation_error": 0.0019769230857491493,
        "max_collision_cost": 0.0
      }
    },
    {
      "x": 0.7540809057466962,
      "y": 0.5809067141289566,
      "z": 0.0,
      "yaw": -0.41001541242183936,
      "original_sample_id": "unknown",
      "original_success_metrics": {
        "max_position_error": 0.0007747997296974063,
        "max_orientation_error": 0.001958236563950777,
        "max_collision_cost": 0.0
      },
      "transformation_info": {
        "relative_pose": {
          "x": -0.44591909425330384,
          "y": 0.28090671412895657,
          "z": -0.3,
          "yaw": -0.41001541242183936
        },
        "world_pose": {
          "x": 0.7540809057466962,
          "y": 0.5809067141289566,
          "z": 0.0,
          "yaw": -0.41001541242183936
        }
      },
      "actual_optimization_success": false,
      "actual_optimization_metrics": {
        "max_position_error": 0.0006313334451988339,
        "max_orientation_error": 0.0015419806586578488,
        "max_collision_cost": 0.0027689076960086823
      }
    },
    {
      "x": 1.035836217074512,
      "y": 0.6861494134922458,
      "z": 0.0,
      "yaw": -0.037960264025371115,
      "original_sample_id": "unknown",
      "original_success_metrics": {
        "max_position_error": 0.0008771265274845064,
        "max_orientation_error": 0.0013536366168409586,
        "max_collision_cost": 0.0
      },
      "transformation_info": {
        "relative_pose": {
          "x": -0.16416378292548817,
          "y": 0.3861494134922458,
          "z": -0.3,
          "yaw": -0.037960264025371115
        },
        "world_pose": {
          "x": 1.035836217074512,
          "y": 0.6861494134922458,
          "z": 0.0,
          "yaw": -0.037960264025371115
        }
      },
      "actual_optimization_success": true,
      "actual_optimization_metrics": {
        "max_position_error": 0.0007113040774129331,
        "max_orientation_error": 0.000946462620049715,
        "max_collision_cost": 0.0
      }
    },
    {
      "x": 1.050321716112065,
      "y": 0.5562862371525057,
      "z": 0.0,
      "yaw": 0.0601325863074178,
      "original_sample_id": "unknown",
      "original_success_metrics": {
        "max_position_error": 0.0004942112718708813,
        "max_orientation_error": 0.0009564957581460476,
        "max_collision_cost": 0.0
      },
      "transformation_info": {
        "relative_pose": {
          "x": -0.14967828388793497,
          "y": 0.2562862371525057,
          "z": -0.3,
          "yaw": 0.0601325863074178
        },
        "world_pose": {
          "x": 1.050321716112065,
          "y": 0.5562862371525057,
          "z": 0.0,
          "yaw": 0.0601325863074178
        }
      },
      "actual_optimization_success": false,
      "actual_optimization_metrics": {
        "max_position_error": 0.28707316517829895,
        "max_orientation_error": 0.2525083124637604,
        "max_collision_cost": 0.2563422918319702
      }
    },
    {
      "x": 0.6519148652689615,
      "y": 0.41313344727555135,
      "z": 0.0,
      "yaw": 1.1498288084107986,
      "original_sample_id": "unknown",
      "original_success_metrics": {
        "max_position_error": 0.0008248502272181213,
        "max_orientation_error": 0.0015919706784188747,
        "max_collision_cost": 0.0
      },
      "transformation_info": {
        "relative_pose": {
          "x": -0.5480851347310385,
          "y": 0.11313344727555134,
          "z": -0.3,
          "yaw": 1.1498288084107986
        },
        "world_pose": {
          "x": 0.6519148652689615,
          "y": 0.41313344727555135,
          "z": 0.0,
          "yaw": 1.1498288084107986
        }
      },
      "actual_optimization_success": false,
      "actual_optimization_metrics": {
        "max_position_error": 0.0006057649152353406,
        "max_orientation_error": 0.0013617764925584197,
        "max_collision_cost": 0.028792522847652435
      }
    }
  ],
  "valid_poses": [
    {
      "x": 0.6536508449363275,
      "y": 0.09890494240386982,
      "z": 0.0,
      "yaw": 1.5001578253910441,
      "original_sample_id": "unknown",
      "original_success_metrics": {
        "max_position_error": 0.0011542189167812467,
        "max_orientation_error": 0.001907512079924345,
        "max_collision_cost": 0.0
      },
      "transformation_info": {
        "relative_pose": {
          "x": -0.5463491550636724,
          "y": -0.20109505759613017,
          "z": -0.3,
          "yaw": 1.5001578253910441
        },
        "world_pose": {
          "x": 0.6536508449363275,
          "y": 0.09890494240386982,
          "z": 0.0,
          "yaw": 1.5001578253910441
        }
      },
      "actual_optimization_success": true,
      "actual_optimization_metrics": {
        "max_position_error": 0.001419859123416245,
        "max_orientation_error": 0.0019769230857491493,
        "max_collision_cost": 0.0
      }
    },
    {
      "x": 1.035836217074512,
      "y": 0.6861494134922458,
      "z": 0.0,
      "yaw": -0.037960264025371115,
      "original_sample_id": "unknown",
      "original_success_metrics": {
        "max_position_error": 0.0008771265274845064,
        "max_orientation_error": 0.0013536366168409586,
        "max_collision_cost": 0.0
      },
      "transformation_info": {
        "relative_pose": {
          "x": -0.16416378292548817,
          "y": 0.3861494134922458,
          "z": -0.3,
          "yaw": -0.037960264025371115
        },
        "world_pose": {
          "x": 1.035836217074512,
          "y": 0.6861494134922458,
          "z": 0.0,
          "yaw": -0.037960264025371115
        }
      },
      "actual_optimization_success": true,
      "actual_optimization_metrics": {
        "max_position_error": 0.0007113040774129331,
        "max_orientation_error": 0.000946462620049715,
        "max_collision_cost": 0.0
      }
    }
  ],
  "success": false,
  "statistics": {
    "total_samples": 5,
    "valid_samples": 2,
    "success_rate": 0.4
  },
  "success_criteria": {
    "min_valid_poses": 3,
    "max_position_error": 0.01,
    "max_orientation_error": 0.1,
    "max_collision_cost": 0.001
  }
}